activityId,assetId,companyId,currentTripCost,driverEmergencyButton,driverId,humidity,insertionTime,isOccupied,latLng2,numberOfPassengers,originalTime,passengerEmergencyButton,readingId,requestTime,sensorStatus,sfdaSensorStatus,temprature,velocity,weight,latLng,lat,long
24,25628,3,,,,0,2021-08-31T22:27:00,,0x00000000010C000000E0F2394740000000C047723840,,2021-08-31T22:26:00,,D770C80F-83D5-462F-87C5-A521CBACF68C,2021-08-31T22:27:00,3,,0,76,16200,0x00000000010C000000E0F2394740000000C047723840,24.44640732,46.45272446
24,125997,37,,,,0,2021-08-31T22:27:00,,0x00000000010CF629221EE402494071C971A774703A40,,2021-08-31T22:26:00,,3A41B2B9-929C-452F-858A-2D16E1F17954,2021-08-31T22:27:00,2,,0,0,11878.82324,0x00000000010CF629221EE402494071C971A774703A40,26.43928,50.0225866
0,114841,6,,,,,2021-08-31T22:27:00,,0x00000000010CC18BBE82346345401CC8C4F70FFD3640,,2021-08-31T22:26:00,,8F90701C-24E1-4964-B6E1-BC30CC5EBFE7,2021-08-31T22:27:00,3,,,7,8962,0x00000000010CC18BBE82346345401CC8C4F70FFD3640,22.9885249,42.77504
0,127538,6,,,,,2021-08-31T22:27:00,,0x00000000010C90060143A0774740E6406A6EE07B3840,,2021-08-31T22:26:00,,26E3E3C9-820F-4CC9-A0EF-EBE7D98AD14B,2021-08-31T22:27:00,3,,,9,38782,0x00000000010C90060143A0774740E6406A6EE07B3840,24.4838933,46.9345783
24,152452,3,,,,0,2021-08-31T22:27:00,,0x00000000010C0A2E56D460FE4840FAF202ECA32F3A40,,2021-08-31T22:26:00,,1B098DBB-7EE8-4BB3-B516-E6FE1098B2FA,2021-08-31T22:27:00,8,,0,30,37942.82813,0x00000000010C0A2E56D460FE4840FAF202ECA32F3A40,26.186095,49.98733
24,152452,3,,,,0,2021-08-31T22:27:00,,0x00000000010C9AE2BBDE47FE484004ED69E2782F3A40,,2021-08-31T22:26:00,,AE3E5C73-A57F-42D6-BF49-88C0721BC1E1,2021-08-31T22:27:00,8,,0,30,37668.69922,0x00000000010C9AE2BBDE47FE484004ED69E2782F3A40,26.1854383,49.9865683
0,118035,19,,,70530,,2021-08-31T22:27:00,,0x00000000010C850838842AAD434067D5E76A2B623540,,2021-08-31T22:27:00,,960E1A48-CBDE-4D59-AEE8-1C2EC95C4F05,2021-08-31T22:27:00,2,,,0,5164,0x00000000010C850838842AAD434067D5E76A2B623540,21.383475,39.35286
0,128779,34,,,58425,,2021-08-31T22:27:00,,0x00000000010C36E50AEF72A143408B54185B086A3540,,2021-08-31T22:27:00,,A3EBF79B-5824-445C-B6F9-BA15B2068D12,2021-08-31T22:27:00,1,,,0,41301,0x00000000010C36E50AEF72A143408B54185B086A3540,21.41419,39.26132
24,135825,3,,,,0,2021-08-31T22:27:00,,0x00000000010C000000807E3A4740000000C029883840,,2021-08-31T22:25:00,,0B4E7EBD-822F-4DD7-984B-A15705D46587,2021-08-31T22:27:00,2,,0,0,14850,0x00000000010C000000807E3A4740000000C029883840,24.53188705,46.45698547
0,53910,39,,,37442,,2021-08-31T21:21:00,,0x00000000010C6CEDD8637DE8454095664EF27EAD3A40,,2021-08-31T21:20:00,,59D0A0A3-44F6-43E8-9881-AD735A1976D2,2021-08-31T21:21:00,3,,,10,21118.35938,0x00000000010C6CEDD8637DE8454095664EF27EAD3A40,26.6777183,43.8163266
0,28720,39,,,21984,,2021-08-31T21:21:00,,0x00000000010C68AED3484B714540A31EA2D11DE43940,,2021-08-31T21:21:00,,BAA02120-036C-435F-ACEF-250BEF29CA56,2021-08-31T21:21:00,5,,,81,0,0x00000000010C68AED3484B714540A31EA2D11DE43940,25.89108,42.88511
0,143274,39,,,,,2021-08-31T21:21:00,,0x00000000010C289B7285770F49409A609390A36A3A40,,2021-08-31T21:21:00,,021DCAE1-1F11-43B6-A379-AFBBB91DBCE0,2021-08-31T21:21:00,3,,,19,13583.65527,0x00000000010C289B7285770F49409A609390A36A3A40,26.4165583,50.120835
0,63729,39,,,44558,,2021-08-31T21:21:00,,0x00000000010C7EC68503211749408F537424976B3A40,,2021-08-31T21:20:00,,2646B97E-5311-472B-8E50-E1090A6C02C4,2021-08-31T21:21:00,1,,,0,25037.27539,0x00000000010C7EC68503211749408F537424976B3A40,26.420275,50.180695
0,147993,39,,,,,2021-08-31T21:21:00,,0x00000000010C4925862EF2B745405137AB99100C3A40,,2021-08-31T21:21:00,,76B1EAAE-F368-47DA-BBDE-FAE9AB9FFEBD,2021-08-31T21:21:00,3,,,82,0,0x00000000010C4925862EF2B745405137AB99100C3A40,26.0471283,43.4370783
0,53920,39,,,37498,,2021-08-31T21:21:00,,0x00000000010C63940CA59BD045402F23AB11B0603A40,,2021-08-31T21:20:00,,15DB3656-3076-4878-A21B-D501D7D4D7A4,2021-08-31T21:21:00,1,,,0,23587.30664,0x00000000010C63940CA59BD045402F23AB11B0603A40,26.3776866,43.6297499
0,68647,39,,,38674,,2021-08-31T21:21:00,,0x00000000010C2693AEF435704840AF0EDB711EC33B40,,2021-08-31T21:21:00,,12CBCB7F-CF2A-4E82-A848-26B36EA142FC,2021-08-31T21:21:00,5,,,0,0,0x00000000010C2693AEF435704840AF0EDB711EC33B40,27.7621833,48.8766466
0,8952,8,,,7948,,2021-08-31T21:21:00,,0x00000000010C20724408D96E474083177D05699A3840,,2021-08-31T21:21:00,,64D7CF8E-9AD4-48B8-AB03-53F3D0FDCEAB,2021-08-31T21:21:00,12,,,0,0,0x00000000010C20724408D96E474083177D05699A3840,24.603165,46.8659983
0,53999,39,,,35364,,2021-08-31T21:21:00,,0x00000000010C72AD516A8A4F4840AC730CC85EB33940,,2021-08-31T21:21:00,,B9A39476-97E9-4E92-A14A-C50E419F640F,2021-08-31T21:21:00,3,,,64,12173.51855,0x00000000010C72AD516A8A4F4840AC730CC85EB33940,25.700665,48.6214116
0,146010,8,,,79899,,2021-08-31T21:21:00,,0x00000000010C01D072EA14564740E5D5390664873840,,2021-08-31T21:21:00,,A3B65E2D-7968-435D-959E-497D4468F986,2021-08-31T21:21:00,12,,,0,2360,0x00000000010C01D072EA14564740E5D5390664873840,24.52887,46.6725133
24,139094,3,0,0,,0,2021-08-31T21:21:00,0,0x00000000010C000000409C9A4340000000A0F66A3540,0,2021-08-31T21:21:00,0,25E87905-AA6E-486F-92E0-7CD82F6358D7,2021-08-31T21:21:00,1,,0,4,2000,0x00000000010C000000409C9A4340000000A0F66A3540,21.4178257,39.20789337
26,146896,78,45.25,1,81314,,2021-08-31T21:21:00,1,0x00000000010CCE52B29C840C4940541D7233DC6C3A40,0,2021-08-31T21:21:00,0,9B34F7F6-CF08-440B-A609-73989B1D6D15,2021-08-31T21:21:00,3,,,65,2000,0x00000000010CCE52B29C840C4940541D7233DC6C3A40,26.425235,50.097797
0,41784,8,,,30638,,2021-08-31T21:21:00,,0x00000000010C8B55DEE929D54340BD981C2DBDA03540,,2021-08-31T21:21:00,,68EFA563-951B-4B2F-ABC6-ED8E24DB5587,2021-08-31T21:21:00,12,,,0,0,0x00000000010C8B55DEE929D54340BD981C2DBDA03540,21.6278866,39.6653416
0,18859,34,,,15575,,2021-08-31T21:21:00,,0x00000000010C0A9DD7D8257E47404A0C022B87763840,,2021-08-31T21:21:00,,26BA5695-3B02-43E6-86F9-0D32ADF5DFCB,2021-08-31T21:21:00,1,,,0,36236,0x00000000010C0A9DD7D8257E47404A0C022B87763840,24.463,46.98553
0,108771,86,,,61574,,2021-08-31T21:21:00,,0x00000000010C88CE7C186B9C4240F5166AA8ACA73940,,2021-08-31T21:21:00,,A46A8E9B-C8B2-47A4-B4BC-010F5212EDAE,2021-08-31T21:21:00,2,,,0,0,0x00000000010C88CE7C186B9C4240F5166AA8ACA73940,25.6549783,37.2220183
0,117011,86,,,69939,,2021-08-31T21:21:00,,0x00000000010CB9FC87F4DB2345405E40573686533B40,,2021-08-31T21:21:00,,FB3FE149-EEED-475C-B86F-AB86429BE3B3,2021-08-31T21:21:00,3,,,73,17000,0x00000000010CB9FC87F4DB2345405E40573686533B40,27.32626667,42.28015
0,150845,86,,,82323,,2021-08-31T21:21:00,,0x00000000010C99BB96900F864440E0A7827674893340,,2021-08-31T21:19:00,,DBA02E05-7C1F-4D83-9EC7-FFAB1EF75CC0,2021-08-31T21:21:00,1,,,0,10799.45996,0x00000000010C99BB96900F864440E0A7827674893340,19.53693333,41.04735
0,105009,86,,,64322,,2021-08-31T21:21:00,,0x00000000010CB6B604EABA4D4440742F08D147863540,,2021-08-31T21:21:00,,A89BF1EE-2CDF-40A7-8A06-62C18E6FF64C,2021-08-31T21:21:00,1,,,0,12006,0x00000000010CB6B604EABA4D4440742F08D147863540,21.52453333,40.60726667
0,23650,8,,,18471,,2021-08-31T21:21:00,,0x00000000010CFF87050830734740DE7D4402FC853840,,2021-08-31T21:21:00,,9B1ADE69-CCF4-412D-AFF2-9ABC6E5A0A63,2021-08-31T21:21:00,12,,,0,0,0x00000000010CFF87050830734740DE7D4402FC853840,24.5233766,46.8999033
0,11384,8,,,9548,,2021-08-31T21:21:00,,0x00000000010C670FB40243464540621B4C1EAA4E3240,,2021-08-31T21:21:00,,7BF6B03F-560A-476B-81C6-CCBD6130D303,2021-08-31T21:21:00,12,,,0,0.01,0x00000000010C670FB40243464540621B4C1EAA4E3240,18.3072833,42.54892
24,47113,3,,,33291,0,2021-08-31T22:03:00,,0x00000000010C78B306EFABC043406138D73043633840,,2021-08-31T22:03:00,,CC77BB1E-1976-4038-8419-8C7CB20BB689,2021-08-31T22:03:00,2,,0,0,5191.779785,0x00000000010C78B306EFABC043406138D73043633840,24.387744,39.505247
24,102954,3,,,,0,2021-08-31T22:03:00,,0x00000000010C91990B5C1E154940454948A46D643A40,,2021-08-31T22:02:00,,3B6241CD-48BF-4A19-B9E5-6520A4E0BC0C,2021-08-31T22:03:00,2,,0,0,8530,0x00000000010C91990B5C1E154940454948A46D643A40,26.392298,50.164989
24,112539,3,,,,0,2021-08-31T22:03:00,,0x00000000010C03EE79FEB4694740BAA1293BFDAC3840,,2021-08-31T22:01:00,,DE0CCA48-1F44-4D98-B604-8D275B7BE68C,2021-08-31T22:03:00,2,,0,0,4470,0x00000000010C03EE79FEB4694740BAA1293BFDAC3840,24.675739,46.825836
24,148453,3,,,47541,0,2021-08-31T22:03:00,,0x00000000010C43E73576895C47404D486B0C3AA93840,,2021-08-31T22:03:00,,F9D45ECD-76AE-40B1-A592-55F4067784C9,2021-08-31T22:03:00,2,,0,0,4500,0x00000000010C43E73576895C47404D486B0C3AA93840,24.661042,46.722945
24,47634,3,,,33643,0,2021-08-31T22:03:00,,0x00000000010C27BD6F7CED0F43405DA96741281F3840,,2021-08-31T22:02:00,,C194B601-0C68-4870-AB4E-781B9DFBCFCB,2021-08-31T22:03:00,1,,0,0,5000,0x00000000010C27BD6F7CED0F43405DA96741281F3840,24.121708,38.124435
24,73828,3,,,,0,2021-08-31T22:03:00,,0x00000000010C83893F8A3A034540F20703CFBD9B3240,,2021-08-31T22:02:00,,80823135-6D35-4902-8919-E6E4FD7F4BEC,2021-08-31T22:03:00,2,,0,0,5000,0x00000000010C83893F8A3A034540F20703CFBD9B3240,18.608365,42.025224
24,69308,3,,,47476,0,2021-08-31T22:03:00,,0x00000000010C2C836A8313B94440DA1EBDE13E163440,,2021-08-31T22:03:00,,86629994-55B2-447E-B3D7-BEA2C9C03999,2021-08-31T22:03:00,1,,0,0,5000,0x00000000010C2C836A8313B94440DA1EBDE13E163440,20.086897,41.445908
24,147630,3,,,81101,0,2021-08-31T22:03:00,,0x00000000010C6C0A647616B9444073F1B73D41163440,,2021-08-31T22:02:00,,8113A856-A4DC-41D8-B0A0-1E02D09F9907,2021-08-31T22:03:00,2,,0,0,5152.709961,0x00000000010C6C0A647616B9444073F1B73D41163440,20.086933,41.445998
24,83457,3,,,54411,0,2021-08-31T22:03:00,,0x00000000010C9981CAF8F79F43409B3A8F8AFF873540,,2021-08-31T22:02:00,,D4D2E96F-D41E-452A-A06F-BC9964D8EAC1,2021-08-31T22:03:00,2,,0,0,4000,0x00000000010C9981CAF8F79F43409B3A8F8AFF873540,21.531243,39.249755
24,102978,3,,,,0,2021-08-31T22:03:00,,0x00000000010CF817416326154940CFF57D3848643A40,,2021-08-31T22:02:00,,BD68A461-3B64-49C3-AAA8-047F3E43AEDC,2021-08-31T22:03:00,1,,0,0,4470,0x00000000010CF817416326154940CFF57D3848643A40,26.391727,50.165234
24,71377,3,,,48483,0,2021-08-31T22:03:00,,0x00000000010C384BC97212764740749A05DA1D8A3840,,2021-08-31T22:03:00,,1ADBB446-8EF2-42B4-B51A-9CD1B6A3B323,2021-08-31T22:03:00,2,,0,0,4000,0x00000000010C384BC97212764740749A05DA1D8A3840,24.539518,46.922438
24,47991,3,,,33907,0,2021-08-31T22:03:00,,0x00000000010C87F9F202EC0F43406806F1811D1F3840,,2021-08-31T22:03:00,,5458A6AA-4589-47D6-A11A-BA7FA48C6FF9,2021-08-31T22:03:00,2,,0,0,5000,0x00000000010C87F9F202EC0F43406806F1811D1F3840,24.121544,38.12439
24,152234,3,,,76419,0,2021-08-31T22:03:00,,0x00000000010CD86322A5D95645401B2D077AA8493240,,2021-08-31T22:02:00,,73A28FCF-5D50-4283-B98D-631E509440B1,2021-08-31T22:03:00,2,,0,0,5362.620117,0x00000000010CD86322A5D95645401B2D077AA8493240,18.287727,42.678517
24,47627,3,,,33636,0,2021-08-31T22:03:00,,0x00000000010CC51C041DADC0434079944A7842633840,,2021-08-31T22:03:00,,2F8EBA8E-A463-43B1-B044-0E31384CAC2E,2021-08-31T22:03:00,2,,0,0,5000,0x00000000010CC51C041DADC0434079944A7842633840,24.387733,39.505283
24,144521,3,,,,0,2021-08-31T22:03:00,,0x00000000010C7EA99F3715AB464018EAB0C22DBF3A40,,2021-08-31T22:03:00,,9C942A55-BE00-484C-887E-E178C64293FA,2021-08-31T22:03:00,3,,0,78,4324.02002,0x00000000010C7EA99F3715AB464018EAB0C22DBF3A40,26.746792,45.336585
24,72206,3,,,48945,0,2021-08-31T22:03:00,,0x00000000010C1EC3633F8B4D4540AD6C1FF296E73040,,2021-08-31T22:02:00,,879ABC91-75C7-41AF-913B-04B366DEDCFF,2021-08-31T22:03:00,2,,0,0,5000,0x00000000010C1EC3633F8B4D4540AD6C1FF296E73040,16.904647,42.605812
24,69886,3,,,47790,0,2021-08-31T22:03:00,,0x00000000010CA911FA997A4D4540C4094CA775E73040,,2021-08-31T22:02:00,,F2F091DB-4E15-4DCD-80D4-F3B3716BB7BD,2021-08-31T22:03:00,2,,0,0,5000,0x00000000010CA911FA997A4D4540C4094CA775E73040,16.904139,42.605304
24,134525,3,,,,0,2021-08-31T22:03:00,,0x00000000010CFA9AE5B2D16B4740912A8A57598F3840,,2021-08-31T22:02:00,,D30FC68A-F959-4365-8D36-CCB5BC6BD0C6,2021-08-31T22:03:00,2,,0,0,4354.52002,0x00000000010CFA9AE5B2D16B4740912A8A57598F3840,24.559957,46.842337
24,22516,3,,,,49.70000076,2021-08-31T22:03:00,,0x00000000010C000000C058674740000000C0FABD3840,,2021-08-31T02:39:00,,C5D4F751-5297-46F7-82E8-986200F1A46E,2021-08-31T22:03:00,1,,0,2,26000,0x00000000010C000000C058674740000000C0FABD3840,24.74210739,46.80739594
0,70587,34,,,48090,,2021-08-31T22:03:00,,0x00000000010CD3D9C9E02869474031EBC5504EA43840,,2021-08-31T22:03:00,,A6C1F30B-2CFB-4C4F-9FA3-BE788F10629E,2021-08-31T22:03:00,3,,,10,34350,0x00000000010CD3D9C9E02869474031EBC5504EA43840,24.64182,46.82156
0,62630,9,,,43923,,2021-08-31T21:20:00,,0x00000000010C6758D647F1DE4840085A8121AB473940,,2021-03-02T16:48:00,,7EACB03F-8C3A-4E83-9B46-9C1C5F139853,2021-08-31T21:20:00,3,,,11.00000381,2273,0x00000000010C6758D647F1DE4840085A8121AB473940,25.279955,49.7417383
0,141824,9,,,78804,,2021-08-31T21:20:00,,0x00000000010C7CD6901381C14340DAE78C83A6723540,,2021-08-31T04:25:00,,76ABF000-93C8-4E6E-B37F-E281C845B03A,2021-08-31T21:20:00,2,,,0,8051,0x00000000010C7CD6901381C14340DAE78C83A6723540,21.4478533,39.5117516
0,83769,9,,,,,2021-08-31T21:20:00,,0x00000000010C08BB7207FB654840BF7D1D3867DC3B40,,2021-08-31T04:25:00,,E26418F2-93EC-43BF-B2C1-FD61CCF13964,2021-08-31T21:20:00,2,,,0,0,0x00000000010C08BB7207FB654840BF7D1D3867DC3B40,27.86095,48.7967233
0,108105,9,,,45894,,2021-08-31T21:20:00,,0x00000000010C589643E625E448409874EF3C4C0C3A40,,2021-05-01T12:36:00,,8F412D50-C1F5-4B3B-A969-052F1A2B2914,2021-08-31T21:20:00,3,,,82.00003052,29737,0x00000000010C589643E625E448409874EF3C4C0C3A40,26.0480383,49.7824066
0,51417,34,,,32348,,2021-08-31T21:20:00,,0x00000000010CC1E270E6575F47406CCF2C0950933840,,2021-08-31T21:20:00,,649FA77C-AB02-4BD4-8495-F20FD0ACB4D5,2021-08-31T21:20:00,2,,,0,1800,0x00000000010CC1E270E6575F47406CCF2C0950933840,24.57544,46.74487
24,127665,37,,,,0,2021-08-31T21:20:00,,0x00000000010C9306126FF80249405B94D92093703A40,,2021-08-31T21:20:00,,12CA06B6-EBC9-4FE3-A727-963DB923DACF,2021-08-31T21:20:00,2,,0,0,3868.379395,0x00000000010C9306126FF80249405B94D92093703A40,26.439745,50.0232066
0,111209,9,,,,,2021-08-31T21:20:00,,0x00000000010CF28AF1AB83844840F106E28629793B40,,2021-08-07T19:24:00,,2A036AB1-A4C4-4F45-8192-947A3DF0CE5E,2021-08-31T21:20:00,3,,,75.00003052,21811,0x00000000010CF28AF1AB83844840F106E28629793B40,27.4732899,49.0352683
0,84410,9,,,54957,,2021-08-31T21:20:00,,0x00000000010C049F3072600C4840A24C593CAB773940,,2021-03-29T11:45:00,,296800B4-3D5A-4070-8F46-706C03833049,2021-08-31T21:20:00,3,,,91.00003052,2551,0x00000000010C049F3072600C4840A24C593CAB773940,25.4674566,48.0966933
0,103313,9,,,63591,,2021-08-31T21:20:00,,0x00000000010C7620466348EF43400D8343B97ECD3D40,,2021-03-26T18:02:00,,AA25F6FB-4C81-4B38-8C38-4D2B77CE7A2E,2021-08-31T21:20:00,1,,,0,7789,0x00000000010C7620466348EF43400D8343B97ECD3D40,29.8027149,39.8693966
0,48665,9,,,,,2021-08-31T21:20:00,,0x00000000010CC14879F7117E474004FF5BC98EF13840,,2021-08-31T04:25:00,,EA2C48E6-78A2-48AA-8B3B-1571F614669A,2021-08-31T21:20:00,1,,,0,48730,0x00000000010CC14879F7117E474004FF5BC98EF13840,24.943585,46.9849233
0,112239,9,,,,,2021-08-31T21:20:00,,0x00000000010CE8BCC62E51F94840F92180E552383A40,,2021-08-20T19:35:00,,DE4ABD10-1484-4532-9EEB-25E010E3DD88,2021-08-31T21:20:00,2,,,0,7136,0x00000000010CE8BCC62E51F94840F92180E552383A40,26.2200149,49.94779
0,120569,9,,,71588,,2021-08-31T21:20:00,,0x00000000010C98350C7ACA4F47400BA47A21D36C3840,,2021-08-31T04:25:00,,BCFD966F-C92D-4D4A-BAC4-3C506FCA1F6C,2021-08-31T21:20:00,3,,,80.00003052,10205,0x00000000010C98350C7ACA4F47400BA47A21D36C3840,24.4250966,46.6233666
0,103313,9,,,63591,,2021-08-31T21:20:00,,0x00000000010C7620466348EF43400D8343B97ECD3D40,,2021-03-26T18:18:00,,89D3A1C5-FB72-4B5F-B559-4B0775D461BB,2021-08-31T21:20:00,2,,,0,7719,0x00000000010C7620466348EF43400D8343B97ECD3D40,29.8027149,39.8693966
0,113860,9,,,,,2021-08-31T21:20:00,,0x00000000010C6CA4B61ECFEF4340C4DACEADC64C3F40,,2021-08-15T00:30:00,,D4A6BE13-7746-4DC8-BCEA-7A0136B66DCC,2021-08-31T21:20:00,2,,,0,6580,0x00000000010C6CA4B61ECFEF4340C4DACEADC64C3F40,31.2999066,39.8735083
0,113874,9,,,68352,,2021-08-31T21:20:00,,0x00000000010C5E34BFF5BCAA4240AF319EF7B5583F40,,2021-07-14T12:18:00,,7B863598-4FC7-4B9F-BAF9-4B732913F935,2021-08-31T21:20:00,2,,,0,7866,0x00000000010C5E34BFF5BCAA4240AF319EF7B5583F40,31.3465266,37.3338916
24,127665,37,,,,0,2021-08-31T21:20:00,,0x00000000010C9306126FF80249405B94D92093703A40,,2021-08-31T21:20:00,,F3995B49-CD27-4364-B31E-E4A6A75E9F0E,2021-08-31T21:20:00,2,,0,0,3868.379395,0x00000000010C9306126FF80249405B94D92093703A40,26.439745,50.0232066
0,70423,9,,,68716,,2021-08-31T21:20:00,,0x00000000010C92AE997CB30149400A11700855663A40,,2021-03-06T14:11:00,,295525F5-BDCB-4E28-99CF-9A62E1ED031F,2021-08-31T21:20:00,2,,,0,7900,0x00000000010C92AE997CB30149400A11700855663A40,26.399735,50.01329
0,84154,9,,,54815,,2021-08-31T21:20:00,,0x00000000010C21A2E2491C5E4740E5E1F3797B963840,,2021-03-07T10:31:00,,67E77029-781D-46BD-A671-D565BBF492A7,2021-08-31T21:20:00,1,,,0,3491,0x00000000010C21A2E2491C5E4740E5E1F3797B963840,24.5878216,46.7352383
0,103132,8,,,28610,,2021-08-31T22:44:00,,0x00000000010C957D5704FF0D44408AB1A778B7CF3D40,,2021-08-31T22:44:00,,E71D1D68-0D30-46F4-9F4D-71AADCBBFE11,2021-08-31T22:44:00,12,,,0,0,0x00000000010C957D5704FF0D44408AB1A778B7CF3D40,29.8113933,40.109345
0,70512,8,,,47505,,2021-08-31T22:44:00,,0x00000000010CF446F7BD97014940CF31207BBD5B3A40,,2021-08-31T22:44:00,,8826E255-2DA5-4CCC-911E-63DBE0461CD0,2021-08-31T22:44:00,12,,,0,0,0x00000000010CF446F7BD97014940CF31207BBD5B3A40,26.35836,50.0124433
24,150665,3,,,25063,0,2021-08-31T22:27:00,,0x00000000010CC95A43A9BD5A4740EE3D5C72DC953840,,2021-08-31T22:27:00,,9471B7EB-11E0-4650-B5B7-554A382F2C71,2021-08-31T22:27:00,3,,0,56,13411.75977,0x00000000010CC95A43A9BD5A4740EE3D5C72DC953840,24.585395,46.708913
24,58314,3,,,40126,0,2021-08-31T22:27:00,,0x00000000010CC40AB77C2405474032207BBDFB6B3C40,,2021-08-31T22:26:00,,F61D5072-F788-4B3D-8FCF-4DE58F1BBE27,2021-08-31T22:27:00,2,,0,0,7500,0x00000000010CC40AB77C2405474032207BBDFB6B3C40,28.42181,46.040176
24,73290,3,,,,0,2021-08-31T22:27:00,,0x00000000010C8675E3DD915F45403F558506622D3240,,2021-08-31T22:26:00,,DB40A704-98FA-4408-8B5E-C952F03F11F5,2021-08-31T22:27:00,2,,0,0,8000,0x00000000010C8675E3DD915F45403F558506622D3240,18.177277,42.746639
24,65417,3,,,45629,0,2021-08-31T22:27:00,,0x00000000010C5F9A22C0E9854740F73E558506E23740,,2021-08-31T22:26:00,,6B639F78-51AC-477A-A61D-99D34CCC2309,2021-08-31T22:27:00,2,,0,0,12120,0x00000000010C5F9A22C0E9854740F73E558506E23740,23.882912,47.046196
24,81672,3,,,53586,0,2021-08-31T22:27:00,,0x00000000010CA6B915C26A084440E8F4BC1B0BE63840,,2021-08-31T22:26:00,,FE811077-DCA5-4B9D-B677-7305BC83B195,2021-08-31T22:27:00,3,,0,86,12697.42969,0x00000000010CA6B915C26A084440E8F4BC1B0BE63840,24.898607,40.065758
24,142996,3,,,,0,2021-08-31T22:27:00,,0x00000000010C556D37C1370F44407FC0030308933540,,2021-08-31T22:26:00,,EBEC1D4E-D88C-4C7A-A2CE-ADB43B24EA1D,2021-08-31T22:27:00,3,,0,78,29511.75,0x00000000010C556D37C1370F44407FC0030308933540,21.574341,40.118889
24,105339,3,,,38565,0,2021-08-31T22:27:00,,0x00000000010C62122EE4117247406A317898F6E93840,,2021-08-31T22:26:00,,1AC6CF12-7CE1-494C-AF70-9B35E9C5AEE8,2021-08-31T22:27:00,2,,0,0,4500,0x00000000010C62122EE4117247406A317898F6E93840,24.913919,46.891171
24,90310,3,,,57074,0,2021-08-31T22:27:00,,0x00000000010CC68A1A4CC3804740501BD5E940F23840,,2021-08-31T22:26:00,,C83B96AF-652B-4CCA-90CD-3B3F066FA568,2021-08-31T22:27:00,3,,0,74,8949.719727,0x00000000010CC68A1A4CC3804740501BD5E940F23840,24.946303,47.00596
24,140991,3,,,23824,0,2021-08-31T22:27:00,,0x00000000010C55F833BC59D9444051BB5F05F8863B40,,2021-08-31T22:27:00,,A25A5492-714F-402F-998D-1AC0856B7B24,2021-08-31T22:27:00,1,,0,0,3850,0x00000000010C55F833BC59D9444051BB5F05F8863B40,27.527222,41.698051
24,64118,3,,,43704,0,2021-08-31T22:27:00,,0x00000000010CCBA0DAE044F24840965CC5E237213A40,,2021-08-31T22:26:00,,F9FC7625-C41D-4E31-B2CC-BD5878889C5C,2021-08-31T22:27:00,2,,0,0,27574.58984,0x00000000010CCBA0DAE044F24840965CC5E237213A40,26.129759,49.892727
24,73217,3,,,49288,0,2021-08-31T22:27:00,,0x00000000010C83A5BA80978544408A7780272DE43540,,2021-08-31T22:26:00,,FA82F6E7-9457-4D27-A16C-E185255A587B,2021-08-31T22:27:00,1,,0,0,43822.66016,0x00000000010C83A5BA80978544408A7780272DE43540,21.891314,41.043686
24,95520,3,,,,0,2021-08-31T22:27:00,,0x00000000010CF7C9518028E845407769C36169483A40,,2021-08-31T22:23:00,,B3AAA7D5-4B34-43D2-B12C-D5E61553CD0F,2021-08-31T22:27:00,2,,0,0,7500,0x00000000010CF7C9518028E845407769C36169483A40,26.282858,43.813736
24,64662,3,,,45089,0,2021-08-31T22:27:00,,0x00000000010C70B54E5C8E974840F302ECA3531F3B40,,2021-08-31T22:26:00,,8AB9107B-D17F-41C2-A00B-38781B4CD9F4,2021-08-31T22:27:00,3,,0,87,7940,0x00000000010C70B54E5C8E974840F302ECA3531F3B40,27.12237,49.184032
24,140399,3,,,,0,2021-08-31T22:27:00,,0x00000000010C9BE447FC8AFD4840DB6D179AEB403A40,,2021-08-31T22:27:00,,B6B37366-2033-4320-A791-C0F67194FDC0,2021-08-31T22:27:00,1,,0,0,19210.5,0x00000000010C9BE447FC8AFD4840DB6D179AEB403A40,26.253595,49.980804
24,53702,3,,,37365,0,2021-08-31T22:27:00,,0x00000000010C0DFAD2DB9F9F4240CAFD0E4581323940,,2021-08-31T22:26:00,,952E6D3E-6061-4C5D-ABA9-8CFECADDDC37,2021-08-31T22:27:00,3,,0,55,29820.75977,0x00000000010C0DFAD2DB9F9F4240CAFD0E4581323940,25.197285,37.247066
24,39760,3,,,29135,0,2021-08-31T22:27:00,,0x00000000010C9126DE019ED04840569BFF571DFD3A40,,2021-08-31T22:26:00,,96A27C12-1C07-487F-95E4-08CF07748A90,2021-08-31T22:27:00,2,,0,0,7500,0x00000000010C9126DE019ED04840569BFF571DFD3A40,26.988729,49.629822
24,86853,3,,,56251,0,2021-08-31T22:27:00,,0x00000000010C300E2E1D734E4740AB05F69848753840,,2021-08-31T22:26:00,,18E5AADA-B02A-45C1-A3DE-A107753B6837,2021-08-31T22:27:00,1,,0,0,24740,0x00000000010C300E2E1D734E4740AB05F69848753840,24.458139,46.612888
24,91248,3,,,,0,2021-08-31T22:27:00,,0x00000000010C6682E15CC3144440B071FDBB3ED33D40,,2021-08-31T22:26:00,,66033C2D-E202-4D3B-B0EE-2E1D9326C181,2021-08-31T22:27:00,1,,0,0,7002.810059,0x00000000010C6682E15CC3144440B071FDBB3ED33D40,29.825176,40.162212
24,114827,3,,,68307,0,2021-08-31T22:27:00,,0x00000000010CE9818FC18A8B4440F52D73BA2C223340,,2021-08-31T22:27:00,,5435E063-D669-4C0A-B008-2733D4954AC1,2021-08-31T22:27:00,1,,0,0,6044.689941,0x00000000010CE9818FC18A8B4440F52D73BA2C223340,19.133495,41.090172
24,119350,3,,,65273,0,2021-08-31T22:27:00,,0x00000000010CE69315C3D5774640917D9065C1CC3C40,,2021-08-31T22:26:00,,4ED1929E-D66D-46F7-B22E-31D9EB532C9B,2021-08-31T22:27:00,2,,0,0,12000,0x00000000010CE69315C3D5774640917D9065C1CC3C40,28.799826,44.936211
24,130262,3,,,,0,2021-08-31T22:45:00,,0x00000000010CA435069D106E4740B6F5D37FD69C3840,,2021-08-31T22:45:00,,EDCEAD94-BCC0-4318-9D22-C68851DB7171,2021-08-31T22:45:00,1,,0,0,8095.390137,0x00000000010CA435069D106E4740B6F5D37FD69C3840,24.612648,46.859882
0,12260,7,,,5182,,2021-08-31T22:45:00,,0x00000000010CF84F3750E05D4540F3AD0FEB8D563240,,2021-08-31T22:43:00,,548351DD-CCD3-45ED-89C3-D0BB05894E31,2021-08-31T22:45:00,2,,,0,15146,0x00000000010CF84F3750E05D4540F3AD0FEB8D563240,18.338103,42.733408
0,119662,7,,,3062,,2021-08-31T22:45:00,,0x00000000010CE0F3C308E1054940593332C85D603A40,,2021-08-31T22:42:00,,4EA73AC8-72FC-4728-8C45-7F23786CC15C,2021-08-31T22:45:00,2,,,0,45000,0x00000000010CE0F3C308E1054940593332C85D603A40,26.376431,50.04593
0,102010,7,,,24639,,2021-08-31T22:45:00,,0x00000000010CD33252EFA92245404208C897504D3B40,,2021-08-31T22:45:00,,76B918B3-734D-4AA0-8C6A-A3452DF93639,2021-08-31T22:45:00,3,,,20,15082,0x00000000010CD33252EFA92245404208C897504D3B40,27.302011,42.270811
0,4515,7,,,4291,,2021-08-31T22:45:00,,0x00000000010CF3565D876A6E47404B3B35971BA03840,,2021-08-31T22:41:00,,AA7015B3-8333-4556-BE26-1B38D7914911,2021-08-31T22:45:00,2,,,0,14622,0x00000000010CF3565D876A6E47404B3B35971BA03840,24.625421,46.862626
0,5936,7,,,4020,,2021-08-31T22:45:00,,0x00000000010C394206F2EC524740E8DB82A5BA943840,,2021-08-31T22:44:00,,9D8B7D61-612F-4690-BDA3-925711ED3240,2021-08-31T22:45:00,2,,,0,21960,0x00000000010C394206F2EC524740E8DB82A5BA943840,24.580973,46.647856
0,19624,7,,,9029,,2021-08-31T22:45:00,,0x00000000010CC91F0C3CF7964340F60D4C6E14813640,,2021-08-31T22:40:00,,116DB973-BDAE-4D5B-880A-DB707B900449,2021-08-31T22:45:00,2,,,0,35681,0x00000000010CC91F0C3CF7964340F60D4C6E14813640,22.504218,39.17942
24,33220,3,,,,0,2021-08-31T22:45:00,,0x00000000010C000000E01EA8454000000020D5103340,,2021-08-31T22:44:00,,FCA395D9-591A-403B-9534-0BA578875D85,2021-08-31T22:45:00,3,,0,30,16200,0x00000000010C000000E01EA8454000000020D5103340,19.06575203,43.31344223
0,48671,7,,,15490,,2021-08-31T22:45:00,,0x00000000010C992A1895D4E544401F1329CDE63D3340,,2021-08-31T22:45:00,,71FDEEAD-2197-4831-AF47-DAB3DD619229,2021-08-31T22:45:00,3,,,64,15818,0x00000000010C992A1895D4E544401F1329CDE63D3340,19.241803,41.79555
0,51735,7,,,383,,2021-08-31T22:45:00,,0x00000000010C2DB308C556C847407AE3A430EF253940,,2021-08-31T22:45:00,,6717540F-305F-4D4E-B3A3-460E9F9F41E5,2021-08-31T22:45:00,3,,,70,14569,0x00000000010C2DB308C556C847407AE3A430EF253940,25.148181,47.565148
0,147299,7,,,51578,,2021-08-31T22:45:00,,0x00000000010C10ECF82F106C474023861DC6A4AB3840,,2021-08-31T22:43:00,,E9352C80-A435-4163-A0A6-82DBB864D4F4,2021-08-31T22:45:00,2,,,0,15670,0x00000000010C10ECF82F106C474023861DC6A4AB3840,24.670483,46.844244
